dimer,Metal,Ligand,X,R,Y_Smiles,E,d,rho,laplacian,V,G,V_over_G,Metal_atomic_number,Metal_atomic_radius,Metal_electronegativity,Metal_polarizability,Metal_ionization_energy,X_atomic_number,X_atomic_radius,X_electronegativity,X_polarizability,X_ionization_energy,Shortest_M_N,Monomer_Slippage,HX_nearest,Mol,nAromAtom,nAromBond,nHetero,nN,nO,nF,nAtom,nHeavyAtom,nBase
Ag_1,Ag,CN,Cl,H,C#N,-6.16,3.038,0.0202,0.0575,-0.0155,0.0149,1.04,47,160.0,1.93,55.0,7.576234,17,100.0,3.16,14.6,12.96763,2.0693,1.0665,,<rdkit.Chem.rdchem.Mol object at 0x000001C8AD43CB10>,0,0,1,1,0,0,3,2,0
Ag_2,Ag,CN,Cl,F,FC#N,-6.57,3.013,0.0212,0.0607,-0.0167,0.0159,1.05,47,160.0,1.93,55.0,7.576234,17,100.0,3.16,14.6,12.96763,2.0885,2.131,,<rdkit.Chem.rdchem.Mol object at 0x000001C8B29DDC30>,0,0,2,1,0,1,3,3,0
Ag_3,Ag,CN,Cl,CF3,FC(F)(F)C#N,-6.67,3.025,0.0208,0.0591,-0.0161,0.0155,1.039,47,160.0,1.93,55.0,7.576234,17,100.0,3.16,14.6,12.96763,2.065,4.0887,,<rdkit.Chem.rdchem.Mol object at 0x000001C8B29DD810>,0,0,4,1,0,3,6,6,0
Ag_4,Ag,CN,Cl,NO2,O=[N+]([O-])C#N,-6.58,3.013,0.0213,0.0607,-0.0167,0.016,1.044,47,160.0,1.93,55.0,7.576234,17,100.0,3.16,14.6,12.96763,2.0594,2.1595,,<rdkit.Chem.rdchem.Mol object at 0x000001C8B4A10330>,0,0,4,2,2,0,5,5,0
Ag_5,Ag,CN,Cl,CH3,CC#N,-6.0,3.038,0.0201,0.0576,-0.0155,0.0149,1.04,47,160.0,1.93,55.0,7.576234,17,100.0,3.16,14.6,12.96763,2.0685,2.1696,,<rdkit.Chem.rdchem.Mol object at 0x000001C8B4A10390>,0,0,1,1,0,0,6,3,0
Ag_6,Ag,CN,Cl,NH2,NC#N,-5.5,3.038,0.02,0.0577,-0.0154,0.0149,1.034,47,160.0,1.93,55.0,7.576234,17,100.0,3.16,14.6,12.96763,2.069,2.1351,,<rdkit.Chem.rdchem.Mol object at 0x000001C8B4A103F0>,0,0,2,2,0,0,5,3,0
Ag_7,Ag,CN,Cl,OH,OC#N,-6.16,3.025,0.0206,0.0592,-0.0161,0.0154,1.045,47,160.0,1.93,55.0,7.576234,17,100.0,3.16,14.6,12.96763,2.0795,1.0745,,<rdkit.Chem.rdchem.Mol object at 0x000001C8B4A10450>,0,0,2,1,1,0,4,3,0
Ag_8,Ag,CN,Br,H,C#N,-6.77,3.013,0.0213,0.0605,-0.0168,0.0159,1.057,47,160.0,1.93,55.0,7.576234,35,115.0,2.96,21.0,11.81381,2.0866,1.0339,,<rdkit.Chem.rdchem.Mol object at 0x000001C8B4A104B0>,0,0,1,1,0,0,3,2,0
Ag_9,Ag,CN,Br,F,FC#N,-7.22,2.988,0.0223,0.0638,-0.0181,0.017,1.065,47,160.0,1.93,55.0,7.576234,35,115.0,2.96,21.0,11.81381,2.1056,2.1098,,<rdkit.Chem.rdchem.Mol object at 0x000001C8B4A10510>,0,0,2,1,0,1,3,3,0
Ag_10,Ag,CN,Br,CF3,FC(F)(F)C#N,-7.34,3.0,0.0219,0.0622,-0.0174,0.0165,1.055,47,160.0,1.93,55.0,7.576234,35,115.0,2.96,21.0,11.81381,2.0829,4.0853,,<rdkit.Chem.rdchem.Mol object at 0x000001C8B4A10570>,0,0,4,1,0,3,6,6,0
Ag_11,Ag,CN,Br,NO2,O=[N+]([O-])C#N,-7.26,3.0,0.0219,0.0621,-0.0174,0.0165,1.055,47,160.0,1.93,55.0,7.576234,35,115.0,2.96,21.0,11.81381,2.0768,2.1386,,<rdkit.Chem.rdchem.Mol object at 0x000001C8B4A105D0>,0,0,4,2,2,0,5,5,0
Ag_12,Ag,CN,Br,CH3,CC#N,-6.6,3.013,0.0212,0.0606,-0.0167,0.0159,1.05,47,160.0,1.93,55.0,7.576234,35,115.0,2.96,21.0,11.81381,2.0834,2.1466,,<rdkit.Chem.rdchem.Mol object at 0x000001C8B4A10630>,0,0,1,1,0,0,6,3,0
Ag_13,Ag,CN,Br,NH2,NC#N,-6.08,3.025,0.0206,0.059,-0.0161,0.0154,1.045,47,160.0,1.93,55.0,7.576234,35,115.0,2.96,21.0,11.81381,2.0833,2.1115,,<rdkit.Chem.rdchem.Mol object at 0x000001C8B4A10690>,0,0,2,2,0,0,5,3,0
Ag_14,Ag,CN,Br,OH,OC#N,-6.79,3.013,0.0211,0.0605,-0.0167,0.0159,1.05,47,160.0,1.93,55.0,7.576234,35,115.0,2.96,21.0,11.81381,2.0945,1.0405,,<rdkit.Chem.rdchem.Mol object at 0x000001C8B4A106F0>,0,0,2,1,1,0,4,3,0
Ag_15,Ag,CN,I,H,C#N,-7.8,3.0,0.0219,0.062,-0.0174,0.0165,1.055,47,160.0,1.93,55.0,7.576234,53,140.0,2.66,32.9,10.45126,2.1108,0.9937,,<rdkit.Chem.rdchem.Mol object at 0x000001C8B4A10750>,0,0,1,1,0,0,3,2,0
Ag_16,Ag,CN,I,F,FC#N,-8.28,2.975,0.023,0.0655,-0.0188,0.0176,1.068,47,160.0,1.93,55.0,7.576234,53,140.0,2.66,32.9,10.45126,2.1298,2.0848,,<rdkit.Chem.rdchem.Mol object at 0x000001C8B4A107B0>,0,0,2,1,0,1,3,3,0
Ag_17,Ag,CN,I,CF3,FC(F)(F)C#N,-8.45,2.988,0.0218,0.0622,-0.0174,0.0165,1.055,47,160.0,1.93,55.0,7.576234,53,140.0,2.66,32.9,10.45126,2.1089,4.0842,,<rdkit.Chem.rdchem.Mol object at 0x000001C8B4A10810>,0,0,4,1,0,3,6,6,0
Ag_18,Ag,CN,I,NO2,O=[N+]([O-])C#N,-8.34,2.988,0.0226,0.0636,-0.0181,0.017,1.065,47,160.0,1.93,55.0,7.576234,53,140.0,2.66,32.9,10.45126,2.1007,2.1129,,<rdkit.Chem.rdchem.Mol object at 0x000001C8B4A10870>,0,0,4,2,2,0,5,5,0
Ag_19,Ag,CN,I,CH3,CC#N,-7.65,3.0,0.0218,0.0622,-0.0174,0.0165,1.055,47,160.0,1.93,55.0,7.576234,53,140.0,2.66,32.9,10.45126,2.1051,2.1193,,<rdkit.Chem.rdchem.Mol object at 0x000001C8B4A108D0>,0,0,1,1,0,0,6,3,0
Ag_20,Ag,CN,I,NH2,NC#N,-7.19,3.013,0.0212,0.0605,-0.0167,0.0159,1.05,47,160.0,1.93,55.0,7.576234,53,140.0,2.66,32.9,10.45126,2.1037,2.0833,,<rdkit.Chem.rdchem.Mol object at 0x000001C8B4A10930>,0,0,2,2,0,0,5,3,0
Ag_21,Ag,CN,I,OH,OC#N,-7.79,3.0,0.0218,0.0621,-0.0174,0.0164,1.061,47,160.0,1.93,55.0,7.576234,53,140.0,2.66,32.9,10.45126,2.1163,0.9988,,<rdkit.Chem.rdchem.Mol object at 0x000001C8B4A10990>,0,0,2,1,1,0,4,3,0
Ag_22,Ag,CN,CN,H,C#N,-5.48,3.075,0.0192,0.053,-0.0141,0.0137,1.029,47,160.0,1.93,55.0,7.576234,6,70.0,2.55,11.3,11.260296,2.0834,0.0399,,<rdkit.Chem.rdchem.Mol object at 0x000001C8B4A109F0>,0,0,1,1,0,0,3,2,0
Ag_23,Ag,CN,CN,F,FC#N,-5.64,3.063,0.0197,0.0544,-0.0146,0.0141,1.035,47,160.0,1.93,55.0,7.576234,6,70.0,2.55,11.3,11.260296,2.1087,1.1056,,<rdkit.Chem.rdchem.Mol object at 0x000001C8B4A10A50>,0,0,2,1,0,1,3,3,0
Ag_24,Ag,CN,CN,CF3,FC(F)(F)C#N,-5.77,3.05,0.0202,0.056,-0.0152,0.0146,1.041,47,160.0,1.93,55.0,7.576234,6,70.0,2.55,11.3,11.260296,2.0827,3.1939,,<rdkit.Chem.rdchem.Mol object at 0x000001C8B4A10AB0>,0,0,4,1,0,3,6,6,0
Ag_25,Ag,CN,CN,NO2,O=[N+]([O-])C#N,-5.62,3.05,0.0203,0.0559,-0.0152,0.0146,1.041,47,160.0,1.93,55.0,7.576234,6,70.0,2.55,11.3,11.260296,2.0822,1.1307,,<rdkit.Chem.rdchem.Mol object at 0x000001C8B4A10B10>,0,0,4,2,2,0,5,5,0
Ag_26,Ag,CN,CN,CH3,CC#N,-5.54,3.075,0.0192,0.0531,-0.014,0.0136,1.029,47,160.0,1.93,55.0,7.576234,6,70.0,2.55,11.3,11.260296,2.0787,1.1302,,<rdkit.Chem.rdchem.Mol object at 0x000001C8B4A10B70>,0,0,1,1,0,0,6,3,0
Ag_27,Ag,CN,CN,NH2,NC#N,-5.18,3.075,0.0191,0.0532,-0.014,0.0136,1.029,47,160.0,1.93,55.0,7.576234,6,70.0,2.55,11.3,11.260296,2.0769,1.1017,,<rdkit.Chem.rdchem.Mol object at 0x000001C8B4A10BD0>,0,0,2,2,0,0,5,3,0
Ag_28,Ag,CN,CN,OH,OC#N,-5.66,3.063,0.0196,0.0546,-0.0145,0.0141,1.028,47,160.0,1.93,55.0,7.576234,6,70.0,2.55,11.3,11.260296,2.0874,0.0506,,<rdkit.Chem.rdchem.Mol object at 0x000001C8B4A10C30>,0,0,2,1,1,0,4,3,0
Ag_29,Ag,Py,Cl,H,n1ccccc1,-10.31,2.925,0.0254,0.0739,-0.0221,0.0203,1.089,47,160.0,1.93,55.0,7.576234,17,100.0,3.16,14.6,12.96763,2.13,3.3204,3.6755,<rdkit.Chem.rdchem.Mol object at 0x000001C8B4A10C90>,6,6,1,1,0,0,11,6,0
Ag_30,Ag,Py,Cl,F,n1ccc(F)cc1,-10.54,2.925,0.0254,0.0739,-0.0221,0.0203,1.089,47,160.0,1.93,55.0,7.576234,17,100.0,3.16,14.6,12.96763,2.1296,3.9221,2.6042,<rdkit.Chem.rdchem.Mol object at 0x000001C8B4A10CF0>,6,6,2,1,0,1,11,7,0
Ag_31,Ag,Py,Cl,CF3,n1ccc(C(F)(F)F)cc1,-10.65,2.925,0.0255,0.0738,-0.0221,0.0203,1.089,47,160.0,1.93,55.0,7.576234,17,100.0,3.16,14.6,12.96763,2.1334,5.4048,2.5029,<rdkit.Chem.rdchem.Mol object at 0x000001C8B4A10D50>,6,6,4,1,0,3,14,10,0
Ag_32,Ag,Py,Cl,NO2,n1ccc([N+](=O)[O-])cc1,-10.72,2.925,0.0255,0.0738,-0.0221,0.0203,1.089,47,160.0,1.93,55.0,7.576234,17,100.0,3.16,14.6,12.96763,2.1343,3.946,3.692,<rdkit.Chem.rdchem.Mol object at 0x000001C8B4A10DB0>,6,6,4,2,2,0,13,9,0
Ag_33,Ag,Py,Cl,CH3,n1ccc(C)cc1,-9.89,2.938,0.0248,0.0718,-0.0213,0.0196,1.087,47,160.0,1.93,55.0,7.576234,17,100.0,3.16,14.6,12.96763,2.1287,3.9665,3.7471,<rdkit.Chem.rdchem.Mol object at 0x000001C8B4A10E10>,6,6,1,1,0,0,14,7,0
Ag_34,Ag,Py,Cl,NH2,n1ccc(N)cc1,-9.44,2.925,0.0253,0.0739,-0.022,0.0203,1.084,47,160.0,1.93,55.0,7.576234,17,100.0,3.16,14.6,12.96763,2.1253,3.947,3.7056,<rdkit.Chem.rdchem.Mol object at 0x000001C8B4A10E70>,6,6,2,2,0,0,13,7,0
Ag_35,Ag,Py,Cl,OH,n1ccc(O)cc1,-10.13,2.925,0.0254,0.0739,-0.0221,0.0203,1.089,47,160.0,1.93,55.0,7.576234,17,100.0,3.16,14.6,12.96763,2.1294,3.3258,3.6853,<rdkit.Chem.rdchem.Mol object at 0x000001C8B4A10ED0>,6,6,2,1,1,0,12,7,0
Ag_36,Ag,Py,CN,H,n1ccccc1,-9.73,2.963,0.0241,0.0681,-0.0199,0.0185,1.076,47,160.0,1.93,55.0,7.576234,6,70.0,2.55,11.3,11.260296,2.1348,2.5009,,<rdkit.Chem.rdchem.Mol object at 0x000001C8B4A10F30>,6,6,1,1,0,0,11,6,0
Ag_37,Ag,Py,CN,F,n1ccc(F)cc1,-9.67,2.963,0.0241,0.0681,-0.0199,0.0185,1.076,47,160.0,1.93,55.0,7.576234,6,70.0,2.55,11.3,11.260296,2.1366,3.1273,2.6031,<rdkit.Chem.rdchem.Mol object at 0x000001C8B4A10F90>,6,6,2,1,0,1,11,7,0
Ag_38,Ag,Py,CN,CF3,n1ccc(C(F)(F)F)cc1,-9.44,2.975,0.0236,0.0662,-0.0192,0.0179,1.073,47,160.0,1.93,55.0,7.576234,6,70.0,2.55,11.3,11.260296,2.1379,4.6779,2.502,<rdkit.Chem.rdchem.Mol object at 0x000001C8B4A13030>,6,6,4,1,0,3,14,10,0
Ag_39,Ag,Py,CN,NO2,n1ccc([N+](=O)[O-])cc1,-9.61,2.963,0.0242,0.0681,-0.02,0.0185,1.081,47,160.0,1.93,55.0,7.576234,6,70.0,2.55,11.3,11.260296,2.1408,3.1469,,<rdkit.Chem.rdchem.Mol object at 0x000001C8B4A13090>,6,6,4,2,2,0,13,9,0
Ag_40,Ag,Py,CN,CH3,n1ccc(C)cc1,-9.37,2.963,0.0241,0.0681,-0.0199,0.0185,1.076,47,160.0,1.93,55.0,7.576234,6,70.0,2.55,11.3,11.260296,2.1303,3.1616,,<rdkit.Chem.rdchem.Mol object at 0x000001C8B4A130F0>,6,6,1,1,0,0,14,7,0
Ag_41,Ag,Py,CN,NH2,n1ccc(N)cc1,-9.3,2.963,0.024,0.0682,-0.0199,0.0185,1.076,47,160.0,1.93,55.0,7.576234,6,70.0,2.55,11.3,11.260296,2.1264,3.1439,,<rdkit.Chem.rdchem.Mol object at 0x000001C8B4A13150>,6,6,2,2,0,0,13,7,0
Ag_42,Ag,Py,CN,OH,n1ccc(O)cc1,-9.6,2.963,0.024,0.0682,-0.0199,0.0185,1.076,47,160.0,1.93,55.0,7.576234,6,70.0,2.55,11.3,11.260296,2.1318,2.5038,,<rdkit.Chem.rdchem.Mol object at 0x000001C8B4A131B0>,6,6,2,1,1,0,12,7,0
Au_43,Au,CN,Cl,H,C#N,-4.43,3.188,0.0217,0.0543,-0.0141,0.0138,1.022,79,135.0,2.4,36.0,9.225553,17,100.0,3.16,14.6,12.96763,1.9632,1.0064,,<rdkit.Chem.rdchem.Mol object at 0x000001C8B4A13210>,0,0,1,1,0,0,3,2,0
Au_44,Au,CN,Cl,F,FC#N,-4.83,3.15,0.0231,0.0596,-0.0154,0.0152,1.013,79,135.0,2.4,36.0,9.225553,17,100.0,3.16,14.6,12.96763,1.9859,2.0558,,<rdkit.Chem.rdchem.Mol object at 0x000001C8B4A13270>,0,0,2,1,0,1,3,3,0
Au_45,Au,CN,Cl,CF3,FC(F)(F)C#N,-4.92,3.175,0.0222,0.0561,-0.0145,0.0143,1.014,79,135.0,2.4,36.0,9.225553,17,100.0,3.16,14.6,12.96763,1.9547,3.9795,,<rdkit.Chem.rdchem.Mol object at 0x000001C8B4A132D0>,0,0,4,1,0,3,6,6,0
Au_46,Au,CN,Cl,NO2,O=[N+]([O-])C#N,-4.81,3.175,0.0222,0.0561,-0.0145,0.0143,1.014,79,135.0,2.4,36.0,9.225553,17,100.0,3.16,14.6,12.96763,1.9492,2.077,,<rdkit.Chem.rdchem.Mol object at 0x000001C8B4A13330>,0,0,4,2,2,0,5,5,0
Au_47,Au,CN,Cl,CH3,CC#N,-4.25,3.175,0.0221,0.056,-0.0145,0.0142,1.021,79,135.0,2.4,36.0,9.225553,17,100.0,3.16,14.6,12.96763,1.9712,2.098,,<rdkit.Chem.rdchem.Mol object at 0x000001C8B4A13390>,0,0,1,1,0,0,6,3,0
Au_48,Au,CN,Cl,NH2,NC#N,-3.57,3.175,0.022,0.056,-0.0144,0.0142,1.014,79,135.0,2.4,36.0,9.225553,17,100.0,3.16,14.6,12.96763,1.9772,2.0684,,<rdkit.Chem.rdchem.Mol object at 0x000001C8B4A133F0>,0,0,2,2,0,0,5,3,0
Au_49,Au,CN,Cl,OH,OC#N,-4.35,3.163,0.0225,0.0577,-0.0149,0.0147,1.014,79,135.0,2.4,36.0,9.225553,17,100.0,3.16,14.6,12.96763,1.9839,1.0211,,<rdkit.Chem.rdchem.Mol object at 0x000001C8B4A13450>,0,0,2,1,1,0,4,3,0
Au_50,Au,CN,Br,H,C#N,-4.92,3.15,0.0232,0.0596,-0.0154,0.0152,1.013,79,135.0,2.4,36.0,9.225553,35,115.0,2.96,21.0,11.81381,1.9785,0.9723,,<rdkit.Chem.rdchem.Mol object at 0x000001C8B4A134B0>,0,0,1,1,0,0,3,2,0
Au_51,Au,CN,Br,F,FC#N,-5.38,3.125,0.0242,0.0633,-0.0164,0.0161,1.019,79,135.0,2.4,36.0,9.225553,35,115.0,2.96,21.0,11.81381,2.0021,2.0338,,<rdkit.Chem.rdchem.Mol object at 0x000001C8B4A13510>,0,0,2,1,0,1,3,3,0
Au_52,Au,CN,Br,CF3,FC(F)(F)C#N,-5.48,3.15,0.0232,0.0596,-0.0155,0.0152,1.02,79,135.0,2.4,36.0,9.225553,35,115.0,2.96,21.0,11.81381,1.9703,3.9737,,<rdkit.Chem.rdchem.Mol object at 0x000001C8B4A13570>,0,0,4,1,0,3,6,6,0
Au_53,Au,CN,Br,NO2,O=[N+]([O-])C#N,-5.38,3.163,0.0227,0.0577,-0.015,0.0147,1.02,79,135.0,2.4,36.0,9.225553,35,115.0,2.96,21.0,11.81381,1.9642,2.0539,,<rdkit.Chem.rdchem.Mol object at 0x000001C8B4A135D0>,0,0,4,2,2,0,5,5,0
Au_54,Au,CN,Br,CH3,CC#N,-4.78,3.15,0.0231,0.0595,-0.0154,0.0152,1.013,79,135.0,2.4,36.0,9.225553,35,115.0,2.96,21.0,11.81381,1.9856,2.075,,<rdkit.Chem.rdchem.Mol object at 0x000001C8B4A13630>,0,0,1,1,0,0,6,3,0
Au_55,Au,CN,Br,NH2,NC#N,-4.1,3.15,0.023,0.0595,-0.0154,0.0151,1.02,79,135.0,2.4,36.0,9.225553,35,115.0,2.96,21.0,11.81381,1.9911,2.0445,,<rdkit.Chem.rdchem.Mol object at 0x000001C8B4A13690>,0,0,2,2,0,0,5,3,0
Au_56,Au,CN,Br,OH,OC#N,-4.89,3.138,0.0236,0.0613,-0.0159,0.0156,1.019,79,135.0,2.4,36.0,9.225553,35,115.0,2.96,21.0,11.81381,1.9987,0.987,,<rdkit.Chem.rdchem.Mol object at 0x000001C8B4A136F0>,0,0,2,1,1,0,4,3,0
Au_57,Au,CN,I,H,C#N,-5.79,3.125,0.0243,0.0633,-0.0165,0.0162,1.019,79,135.0,2.4,36.0,9.225553,53,140.0,2.66,32.9,10.45126,2.0036,0.933,,<rdkit.Chem.rdchem.Mol object at 0x000001C8B4A13750>,0,0,1,1,0,0,3,2,0
Au_58,Au,CN,I,F,FC#N,-6.29,3.088,0.026,0.0694,-0.0182,0.0178,1.022,79,135.0,2.4,36.0,9.225553,53,140.0,2.66,32.9,10.45126,2.029,2.0114,,<rdkit.Chem.rdchem.Mol object at 0x000001C8B4A137B0>,0,0,2,1,0,1,3,3,0
Au_59,Au,CN,I,CF3,FC(F)(F)C#N,-6.4,3.113,0.0249,0.0654,-0.0171,0.0167,1.024,79,135.0,2.4,36.0,9.225553,53,140.0,2.66,32.9,10.45126,1.9956,3.9721,,<rdkit.Chem.rdchem.Mol object at 0x000001C8B4A13810>,0,0,4,1,0,3,6,6,0
Au_60,Au,CN,I,NO2,O=[N+]([O-])C#N,-6.27,3.125,0.0244,0.0633,-0.0165,0.0162,1.019,79,135.0,2.4,36.0,9.225553,53,140.0,2.66,32.9,10.45126,1.9883,2.0287,,<rdkit.Chem.rdchem.Mol object at 0x000001C8B4A13870>,0,0,4,2,2,0,5,5,0
Au_61,Au,CN,I,CH3,CC#N,-5.69,3.125,0.0243,0.0632,-0.0165,0.0162,1.019,79,135.0,2.4,36.0,9.225553,53,140.0,2.66,32.9,10.45126,2.0093,2.0498,,<rdkit.Chem.rdchem.Mol object at 0x000001C8B4A138D0>,0,0,1,1,0,0,6,3,0
Au_62,Au,CN,I,NH2,NC#N,-5.01,3.125,0.0242,0.0632,-0.0165,0.0161,1.025,79,135.0,2.4,36.0,9.225553,53,140.0,2.66,32.9,10.45126,2.014,2.0189,,<rdkit.Chem.rdchem.Mol object at 0x000001C8B4A13930>,0,0,2,2,0,0,5,3,0
Au_63,Au,CN,I,OH,OC#N,-5.8,3.113,0.0248,0.0652,-0.017,0.0167,1.018,79,135.0,2.4,36.0,9.225553,53,140.0,2.66,32.9,10.45126,2.0233,0.948,,<rdkit.Chem.rdchem.Mol object at 0x000001C8B4A13990>,0,0,2,1,1,0,4,3,0
Au_64,Au,CN,CN,H,C#N,-4.47,3.163,0.0229,0.0581,-0.015,0.0148,1.014,79,135.0,2.4,36.0,9.225553,6,70.0,2.55,11.3,11.260296,2.0025,0.0288,,<rdkit.Chem.rdchem.Mol object at 0x000001C8B4A139F0>,0,0,1,1,0,0,3,2,0
Au_65,Au,CN,CN,F,FC#N,-4.7,3.15,0.0234,0.0598,-0.0155,0.0152,1.02,79,135.0,2.4,36.0,9.225553,6,70.0,2.55,11.3,11.260296,2.0224,1.0745,,<rdkit.Chem.rdchem.Mol object at 0x000001C8B4A13A50>,0,0,2,1,0,1,3,3,0
Au_66,Au,CN,CN,CF3,FC(F)(F)C#N,-4.8,3.163,0.023,0.0581,-0.0151,0.0148,1.02,79,135.0,2.4,36.0,9.225553,6,70.0,2.55,11.3,11.260296,1.9967,3.1318,,<rdkit.Chem.rdchem.Mol object at 0x000001C8B4A13AB0>,0,0,4,1,0,3,6,6,0
Au_67,Au,CN,CN,NO2,O=[N+]([O-])C#N,-4.61,3.15,0.0235,0.0599,-0.0155,0.0152,1.02,79,135.0,2.4,36.0,9.225553,6,70.0,2.55,11.3,11.260296,1.9925,1.0954,,<rdkit.Chem.rdchem.Mol object at 0x000001C8B4A13B10>,0,0,4,2,2,0,5,5,0
Au_68,Au,CN,CN,CH3,CC#N,-4.55,3.163,0.0228,0.058,-0.015,0.0148,1.014,79,135.0,2.4,36.0,9.225553,6,70.0,2.55,11.3,11.260296,2.0069,1.1096,,<rdkit.Chem.rdchem.Mol object at 0x000001C8B4A13B70>,0,0,1,1,0,0,6,3,0
Au_69,Au,CN,CN,NH2,NC#N,-4.03,3.175,0.0223,0.0562,-0.0145,0.0143,1.014,79,135.0,2.4,36.0,9.225553,6,70.0,2.55,11.3,11.260296,2.0102,1.0834,,<rdkit.Chem.rdchem.Mol object at 0x000001C8B4A13BD0>,0,0,2,2,0,0,5,3,0
Au_70,Au,CN,CN,OH,OC#N,-4.58,3.163,0.0228,0.058,-0.015,0.0148,1.014,79,135.0,2.4,36.0,9.225553,6,70.0,2.55,11.3,11.260296,2.0177,0.043,,<rdkit.Chem.rdchem.Mol object at 0x000001C8B4A13C30>,0,0,2,1,1,0,4,3,0
Au_71,Au,Py,Cl,H,n1ccccc1,-7.53,3.063,0.0274,0.0743,-0.0196,0.0191,1.026,79,135.0,2.4,36.0,9.225553,17,100.0,3.16,14.6,12.96763,2.0455,3.2356,3.7238,<rdkit.Chem.rdchem.Mol object at 0x000001C8B4A13C90>,6,6,1,1,0,0,11,6,0
Au_72,Au,Py,Cl,F,n1ccc(F)cc1,-7.51,3.075,0.0268,0.072,-0.019,0.0185,1.027,79,135.0,2.4,36.0,9.225553,17,100.0,3.16,14.6,12.96763,2.0484,3.8367,2.605,<rdkit.Chem.rdchem.Mol object at 0x000001C8B4A13CF0>,6,6,2,1,0,1,11,7,0
Au_73,Au,Py,Cl,CF3,n1ccc(C(F)(F)F)cc1,-8.13,3.063,0.0274,0.0743,-0.0196,0.0191,1.026,79,135.0,2.4,36.0,9.225553,17,100.0,3.16,14.6,12.96763,2.0443,5.3023,2.5039,<rdkit.Chem.rdchem.Mol object at 0x000001C8B4A13D50>,6,6,4,1,0,3,14,10,0
Au_74,Au,Py,Cl,NO2,n1ccc([N+](=O)[O-])cc1,-7.97,3.075,0.0268,0.0721,-0.019,0.0185,1.027,79,135.0,2.4,36.0,9.225553,17,100.0,3.16,14.6,12.96763,2.0418,3.8484,3.7537,<rdkit.Chem.rdchem.Mol object at 0x000001C8B4A13DB0>,6,6,4,2,2,0,13,9,0
Au_75,Au,Py,Cl,CH3,n1ccc(C)cc1,-7.33,3.063,0.0273,0.0743,-0.0196,0.0191,1.026,79,135.0,2.4,36.0,9.225553,17,100.0,3.16,14.6,12.96763,2.0452,3.8782,3.7373,<rdkit.Chem.rdchem.Mol object at 0x000001C8B4A13E10>,6,6,1,1,0,0,14,7,0
Au_76,Au,Py,Cl,NH2,n1ccc(N)cc1,-6.57,3.063,0.0273,0.0742,-0.0196,0.0191,1.026,79,135.0,2.4,36.0,9.225553,17,100.0,3.16,14.6,12.96763,2.0459,3.8619,3.7442,<rdkit.Chem.rdchem.Mol object at 0x000001C8B4A13E70>,6,6,2,2,0,0,13,7,0
Au_77,Au,Py,Cl,OH,n1ccc(O)cc1,-7.32,3.063,0.0273,0.0743,-0.0196,0.0191,1.026,79,135.0,2.4,36.0,9.225553,17,100.0,3.16,14.6,12.96763,2.0471,3.2424,3.7282,<rdkit.Chem.rdchem.Mol object at 0x000001C8B4A13ED0>,6,6,2,1,1,0,12,7,0
Au_78,Au,Py,CN,H,n1ccccc1,-7.82,3.075,0.027,0.0722,-0.0191,0.0186,1.027,79,135.0,2.4,36.0,9.225553,6,70.0,2.55,11.3,11.260296,2.0471,3.2424,3.7282,<rdkit.Chem.rdchem.Mol object at 0x000001C8B4A13F30>,6,6,1,1,0,0,11,6,0
Au_79,Au,Py,CN,F,n1ccc(F)cc1,-7.86,3.075,0.027,0.0723,-0.0191,0.0186,1.027,79,135.0,2.4,36.0,9.225553,6,70.0,2.55,11.3,11.260296,2.0762,3.0816,2.6036,<rdkit.Chem.rdchem.Mol object at 0x000001C8B4A13F90>,6,6,2,1,0,1,11,7,0
Au_80,Au,Py,CN,CF3,n1ccc(C(F)(F)F)cc1,-8.05,3.075,0.0271,0.0723,-0.0191,0.0186,1.027,79,135.0,2.4,36.0,9.225553,6,70.0,2.55,11.3,11.260296,2.075,4.6192,2.5017,<rdkit.Chem.rdchem.Mol object at 0x000001C8B4A14030>,6,6,4,1,0,3,14,10,0
Au_81,Au,Py,CN,NO2,n1ccc([N+](=O)[O-])cc1,-8.05,3.075,0.0271,0.0723,-0.0191,0.0186,1.027,79,135.0,2.4,36.0,9.225553,6,70.0,2.55,11.3,11.260296,2.0746,3.096,,<rdkit.Chem.rdchem.Mol object at 0x000001C8B4A14090>,6,6,4,2,2,0,13,9,0
Au_82,Au,Py,CN,CH3,n1ccc(C)cc1,-7.86,3.063,0.0276,0.0745,-0.0197,0.0192,1.026,79,135.0,2.4,36.0,9.225553,6,70.0,2.55,11.3,11.260296,2.0724,3.1185,,<rdkit.Chem.rdchem.Mol object at 0x000001C8B4A140F0>,6,6,1,1,0,0,14,7,0
Au_83,Au,Py,CN,NH2,n1ccc(N)cc1,-7.2,3.075,0.0269,0.0722,-0.019,0.0185,1.027,79,135.0,2.4,36.0,9.225553,6,70.0,2.55,11.3,11.260296,2.0711,3.1025,,<rdkit.Chem.rdchem.Mol object at 0x000001C8B4A14150>,6,6,2,2,0,0,13,7,0
Au_84,Au,Py,CN,OH,n1ccc(O)cc1,-7.66,3.075,0.027,0.0722,-0.0191,0.0186,1.027,79,135.0,2.4,36.0,9.225553,6,70.0,2.55,11.3,11.260296,2.0741,3.0936,,<rdkit.Chem.rdchem.Mol object at 0x000001C8B4A141B0>,6,6,2,1,1,0,12,7,0
Cu_1,Cu,CN,F,H,C#N,-6.64,2.6625,0.02385,0.05577,-0.02088,0.01646,1.153,29,135.0,1.9,46.5,7.72638,9,50.0,3.98,3.74,17.42282,1.8068,1.0304,,<rdkit.Chem.rdchem.Mol object at 0x000001C8B4A14210>,0,0,1,1,0,0,3,2,0
Cu_2,Cu,CN,F,F,FC#N,-8.08,2.6375,0.02491,0.0607,-0.02251,0.01782,1.148,29,135.0,1.9,46.5,7.72638,9,50.0,3.98,3.74,17.42282,1.8241,2.0924,,<rdkit.Chem.rdchem.Mol object at 0x000001C8B4A14270>,0,0,2,1,0,1,3,3,0
Cu_3,Cu,CN,F,CF3,FC(F)(F)C#N,-7.94,2.65,0.02424,0.05821,-0.02168,0.01713,1.151,29,135.0,1.9,46.5,7.72638,9,50.0,3.98,3.74,17.42282,1.7995,3.8067,,<rdkit.Chem.rdchem.Mol object at 0x000001C8B4A142D0>,0,0,4,1,0,3,6,6,0
Cu_4,Cu,CN,F,NO2,O=[N+]([O-])C#N,-8.3,2.65,0.02422,0.05805,-0.02166,0.0171,1.151,29,135.0,1.9,46.5,7.72638,9,50.0,3.98,3.74,17.42282,1.7949,3.3631,,<rdkit.Chem.rdchem.Mol object at 0x000001C8B4A14330>,0,0,4,2,2,0,5,5,0
Cu_5,Cu,CN,F,CH3,CC#N,-5.45,2.725,0.02519,0.0414,-0.01967,0.01412,1.267,29,135.0,1.9,46.5,7.72638,9,50.0,3.98,3.74,17.42282,1.7922,2.2019,,<rdkit.Chem.rdchem.Mol object at 0x000001C8B4A14390>,0,0,1,1,0,0,6,3,0
Cu_6,Cu,CN,Cl,H,C#N,-8.58,2.7,0.0236,0.04921,-0.01968,0.0151,1.185,29,135.0,1.9,46.5,7.72638,17,100.0,3.16,14.6,12.96763,1.8435,1.025,,<rdkit.Chem.rdchem.Mol object at 0x000001C8B4A143F0>,0,0,1,1,0,0,3,2,0
Cu_7,Cu,CN,Cl,F,FC#N,-8.7,2.7,0.02379,0.04901,-0.01983,0.01514,1.191,29,135.0,1.9,46.5,7.72638,17,100.0,3.16,14.6,12.96763,1.8609,2.1403,,<rdkit.Chem.rdchem.Mol object at 0x000001C8B4A14450>,0,0,2,1,0,1,3,3,0
Cu_8,Cu,CN,Cl,CF3,FC(F)(F)C#N,-8.66,2.7125,0.02319,0.04718,-0.01913,0.01459,1.192,29,135.0,1.9,46.5,7.72638,17,100.0,3.16,14.6,12.96763,1.8358,4.0787,,<rdkit.Chem.rdchem.Mol object at 0x000001C8B4A144B0>,0,0,4,1,0,3,6,6,0
Cu_9,Cu,CN,Cl,NO2,O=[N+]([O-])C#N,-9.18,2.7,0.02369,0.04904,-0.01962,0.01505,1.185,29,135.0,1.9,46.5,7.72638,17,100.0,3.16,14.6,12.96763,1.8304,3.5863,,<rdkit.Chem.rdchem.Mol object at 0x000001C8B4A14510>,0,0,4,2,2,0,5,5,0
Cu_10,Cu,CN,Cl,CH3,CC#N,-7.51,2.7,0.02609,0.0454,-0.0209,0.01518,1.252,29,135.0,1.9,46.5,7.72638,17,100.0,3.16,14.6,12.96763,1.8221,2.1492,,<rdkit.Chem.rdchem.Mol object at 0x000001C8B4A14570>,0,0,1,1,0,0,6,3,0
Cu_11,Cu,CN,Br,H,C#N,-8.37,2.7,0.02381,0.04897,-0.01978,0.01511,1.19,29,135.0,1.9,46.5,7.72638,35,115.0,2.96,21.0,11.81381,1.8536,0.9665,,<rdkit.Chem.rdchem.Mol object at 0x000001C8B4A145D0>,0,0,1,1,0,0,3,2,0
Cu_12,Cu,CN,Br,F,FC#N,-9.24,2.6875,0.02446,0.0509,-0.0205,0.01568,1.189,29,135.0,1.9,46.5,7.72638,35,115.0,2.96,21.0,11.81381,1.8719,2.1252,,<rdkit.Chem.rdchem.Mol object at 0x000001C8B4A14630>,0,0,2,1,0,1,3,3,0
Cu_13,Cu,CN,Br,CF3,FC(F)(F)C#N,-9.13,2.7,0.02391,0.04894,-0.0198,0.01512,1.191,29,135.0,1.9,46.5,7.72638,35,115.0,2.96,21.0,11.81381,1.847,4.0903,,<rdkit.Chem.rdchem.Mol object at 0x000001C8B4A14690>,0,0,4,1,0,3,6,6,0
Cu_14,Cu,CN,Br,NO2,O=[N+]([O-])C#N,-9.52,2.6875,0.02447,0.05085,-0.02033,0.0156,1.185,29,135.0,1.9,46.5,7.72638,35,115.0,2.96,21.0,11.81381,1.8414,3.5932,,<rdkit.Chem.rdchem.Mol object at 0x000001C8B4A146F0>,0,0,4,2,2,0,5,5,0
Cu_15,Cu,CN,Br,CH3,CC#N,-8.08,2.7,0.02618,0.04516,-0.02098,0.01518,1.256,29,135.0,1.9,46.5,7.72638,35,115.0,2.96,21.0,11.81381,1.831,2.1322,,<rdkit.Chem.rdchem.Mol object at 0x000001C8B4A14750>,0,0,1,1,0,0,6,3,0
Cu_16,Cu,CN,I,H,C#N,-9.17,2.6875,0.02458,0.05079,-0.02049,0.01566,1.189,29,135.0,1.9,46.5,7.72638,53,140.0,2.66,32.9,10.45126,1.869,0.9184,,<rdkit.Chem.rdchem.Mol object at 0x000001C8B4A147B0>,0,0,1,1,0,0,3,2,0
Cu_17,Cu,CN,I,F,FC#N,-10.2,2.675,0.02523,0.05283,-0.02124,0.01626,1.188,29,135.0,1.9,46.5,7.72638,53,140.0,2.66,32.9,10.45126,1.8883,2.1086,,<rdkit.Chem.rdchem.Mol object at 0x000001C8B4A14810>,0,0,2,1,0,1,3,3,0
Cu_18,Cu,CN,I,CF3,FC(F)(F)C#N,-9.82,2.6875,0.02471,0.05071,-0.02052,0.01566,1.191,29,135.0,1.9,46.5,7.72638,53,140.0,2.66,32.9,10.45126,1.8627,4.105,,<rdkit.Chem.rdchem.Mol object at 0x000001C8B4A14870>,0,0,4,1,0,3,6,6,0
Cu_19,Cu,CN,I,NO2,O=[N+]([O-])C#N,-10.32,2.6625,0.02586,0.05487,-0.02172,0.01673,1.18,29,135.0,1.9,46.5,7.72638,53,140.0,2.66,32.9,10.45126,1.8568,3.5979,,<rdkit.Chem.rdchem.Mol object at 0x000001C8B4A148D0>,0,0,4,2,2,0,5,5,0
Cu_20,Cu,CN,I,CH3,CC#N,-9.33,2.6875,0.0269,0.04684,-0.02168,0.01571,1.255,29,135.0,1.9,46.5,7.72638,53,140.0,2.66,32.9,10.45126,1.8462,2.115,,<rdkit.Chem.rdchem.Mol object at 0x000001C8B4A14930>,0,0,1,1,0,0,6,3,0
Cu_21,Cu,CN,CN,H,C#N,-7.46,2.7,0.02427,0.05106,-0.02015,0.01554,1.179,29,135.0,1.9,46.5,7.72638,6,70.0,2.55,11.3,11.260296,1.8601,0.0122,,<rdkit.Chem.rdchem.Mol object at 0x000001C8B4A14990>,0,0,1,1,0,0,3,2,0
Cu_22,Cu,CN,CN,F,FC#N,-7.97,2.7,0.02438,0.05105,-0.02027,0.01559,1.182,29,135.0,1.9,46.5,7.72638,6,70.0,2.55,11.3,11.260296,1.8748,1.117,,<rdkit.Chem.rdchem.Mol object at 0x000001C8B4A149F0>,0,0,2,1,0,1,3,3,0
Cu_23,Cu,CN,CN,CF3,FC(F)(F)C#N,-8.05,2.7125,0.02395,0.04944,-0.01969,0.01513,1.183,29,135.0,1.9,46.5,7.72638,6,70.0,2.55,11.3,11.260296,1.8546,3.1733,,<rdkit.Chem.rdchem.Mol object at 0x000001C8B4A14A50>,0,0,4,1,0,3,6,6,0
Cu_24,Cu,CN,CN,NO2,O=[N+]([O-])C#N,-8.68,2.6875,0.02514,0.05354,-0.02092,0.0162,1.174,29,135.0,1.9,46.5,7.72638,6,70.0,2.55,11.3,11.260296,1.8502,2.6412,,<rdkit.Chem.rdchem.Mol object at 0x000001C8B4A14AB0>,0,0,4,2,2,0,5,5,0
Cu_25,Cu,CN,CN,CH3,CC#N,-6.28,2.65,0.0283,0.0547,-0.02333,0.01744,1.216,29,135.0,1.9,46.5,7.72638,6,70.0,2.55,11.3,11.260296,1.8412,1.1754,,<rdkit.Chem.rdchem.Mol object at 0x000001C8B4A14B10>,0,0,1,1,0,0,6,3,0
Cu_26,Cu,Py,F,H,n1ccccc1,-16.4,2.7375,0.02323,0.04483,-0.01885,0.01393,1.231,29,135.0,1.9,46.5,7.72638,9,50.0,3.98,3.74,17.42282,1.8856,3.2098,2.2013,<rdkit.Chem.rdchem.Mol object at 0x000001C8B4A14B70>,6,6,1,1,0,0,11,6,0
Cu_27,Cu,Py,F,F,n1ccc(F)cc1,-17.36,2.7375,0.02324,0.04288,-0.01887,0.01394,1.231,29,135.0,1.9,46.5,7.72638,9,50.0,3.98,3.74,17.42282,1.8871,3.8205,2.1774,<rdkit.Chem.rdchem.Mol object at 0x000001C8B4A14BD0>,6,6,2,1,0,1,11,7,0
Cu_28,Cu,Py,F,CF3,n1ccc(C(F)(F)F)cc1,-17.49,2.725,0.02362,0.04483,-0.01932,0.01439,1.221,29,135.0,1.9,46.5,7.72638,9,50.0,3.98,3.74,17.42282,1.8836,3.7512,2.1751,<rdkit.Chem.rdchem.Mol object at 0x000001C8B4A14C30>,6,6,4,1,0,3,14,10,0
Cu_29,Cu,Py,F,NO2,n1ccc([N+](=O)[O-])cc1,-17.65,2.7,0.02442,0.04894,-0.02031,0.01535,1.203,29,135.0,1.9,46.5,7.72638,9,50.0,3.98,3.74,17.42282,1.8809,4.9148,2.1682,<rdkit.Chem.rdchem.Mol object at 0x000001C8B4A14C90>,6,6,4,2,2,0,13,9,0
Cu_30,Cu,Py,F,CH3,n1ccc(C)cc1,-16.12,2.75,0.02283,0.04105,-0.01841,0.0135,1.24,29,135.0,1.9,46.5,7.72638,9,50.0,3.98,3.74,17.42282,1.8857,3.848,2.2112,<rdkit.Chem.rdchem.Mol object at 0x000001C8B4A14CF0>,6,6,1,1,0,0,14,7,0
Cu_31,Cu,Py,F,OH,n1ccc(O)cc1,-17.17,2.7625,0.02245,0.03937,-0.01801,0.01311,1.249,29,135.0,1.9,46.5,7.72638,9,50.0,3.98,3.74,17.42282,1.8877,3.8069,2.1884,<rdkit.Chem.rdchem.Mol object at 0x000001C8B4A14D50>,6,6,2,1,1,0,12,7,0
Cu_32,Cu,Py,F,NH2,n1ccc(N)cc1,-15.37,2.775,0.02172,0.03767,-0.01727,0.01256,1.25,29,135.0,1.9,46.5,7.72638,9,50.0,3.98,3.74,17.42282,1.8885,3.9177,2.2624,<rdkit.Chem.rdchem.Mol object at 0x000001C8B4A14DB0>,6,6,2,2,0,0,13,7,0
Cu_33,Cu,Py,Cl,H,n1ccccc1,-16.31,2.7125,0.024,0.04658,-0.01983,0.01484,1.215,29,135.0,1.9,46.5,7.72638,17,100.0,3.16,14.6,12.96763,1.9167,3.1609,2.5822,<rdkit.Chem.rdchem.Mol object at 0x000001C8B4A14E10>,6,6,1,1,0,0,11,6,0
Cu_34,Cu,Py,Cl,F,n1ccc(F)cc1,-17.13,2.7125,0.02404,0.0466,-0.01987,0.01486,1.216,29,135.0,1.9,46.5,7.72638,17,100.0,3.16,14.6,12.96763,1.9183,3.7756,2.5627,<rdkit.Chem.rdchem.Mol object at 0x000001C8B4A14E70>,6,6,2,1,0,1,11,7,0
Cu_35,Cu,Py,Cl,CF3,n1ccc(C(F)(F)F)cc1,-17.29,2.7125,0.02404,0.04663,-0.01986,0.01485,1.215,29,135.0,1.9,46.5,7.72638,17,100.0,3.16,14.6,12.96763,1.916,5.2439,2.4787,<rdkit.Chem.rdchem.Mol object at 0x000001C8B4A14ED0>,6,6,4,1,0,3,14,10,0
Cu_36,Cu,Py,Cl,NO2,n1ccc([N+](=O)[O-])cc1,-17.42,2.7,0.02452,0.0487,-0.02041,0.01536,1.208,29,135.0,1.9,46.5,7.72638,17,100.0,3.16,14.6,12.96763,1.9145,4.8464,2.559,<rdkit.Chem.rdchem.Mol object at 0x000001C8B4A14F30>,6,6,4,2,2,0,13,9,0
Cu_37,Cu,Py,Cl,CH3,n1ccc(C)cc1,-15.9,2.7125,0.024,0.04657,-0.01983,0.01484,1.215,29,135.0,1.9,46.5,7.72638,17,100.0,3.16,14.6,12.96763,1.9161,3.8165,2.5853,<rdkit.Chem.rdchem.Mol object at 0x000001C8B4A14F90>,6,6,1,1,0,0,14,7,0
Cu_38,Cu,Py,Cl,OH,n1ccc(O)cc1,-17.01,2.725,0.02355,0.04463,-0.01933,0.01436,1.223,29,135.0,1.9,46.5,7.72638,17,100.0,3.16,14.6,12.96763,1.9172,3.7822,2.5668,<rdkit.Chem.rdchem.Mol object at 0x000001C8B4A15030>,6,6,2,1,1,0,12,7,0
Cu_39,Cu,Py,Cl,NH2,n1ccc(N)cc1,-15.66,2.725,0.02351,0.04461,-0.0193,0.01435,1.223,29,135.0,1.9,46.5,7.72638,17,100.0,3.16,14.6,12.96763,1.9155,3.7978,2.5842,<rdkit.Chem.rdchem.Mol object at 0x000001C8B4A15090>,6,6,2,2,0,0,13,7,0
Cu_40,Cu,Py,Br,H,n1ccccc1,-16.22,2.6875,0.02501,0.05057,-0.02097,0.01585,1.203,29,135.0,1.9,46.5,7.72638,35,115.0,2.96,21.0,11.81381,1.9257,3.1352,2.7092,<rdkit.Chem.rdchem.Mol object at 0x000001C8B4A150F0>,6,6,1,1,0,0,11,6,0
Cu_41,Cu,Py,Br,F,n1ccc(F)cc1,-17.02,2.6875,0.02505,0.05059,-0.021,0.01587,1.203,29,135.0,1.9,46.5,7.72638,35,115.0,2.96,21.0,11.81381,1.9274,3.7479,2.6023,<rdkit.Chem.rdchem.Mol object at 0x000001C8B4A15150>,6,6,2,1,0,1,11,7,0
Cu_42,Cu,Py,Br,CF3,n1ccc(C(F)(F)F)cc1,-17.03,2.725,0.0235,0.04452,-0.01923,0.01431,1.222,29,135.0,1.9,46.5,7.72638,35,115.0,2.96,21.0,11.81381,1.9304,5.2477,2.4942,<rdkit.Chem.rdchem.Mol object at 0x000001C8B4A151B0>,6,6,4,1,0,3,14,10,0
Cu_43,Cu,Py,Br,NO2,n1ccc([N+](=O)[O-])cc1,-17.41,2.6875,0.02507,0.05067,-0.02099,0.01587,1.202,29,135.0,1.9,46.5,7.72638,35,115.0,2.96,21.0,11.81381,1.9241,4.8098,2.6905,<rdkit.Chem.rdchem.Mol object at 0x000001C8B4A15210>,6,6,4,2,2,0,13,9,0
Cu_44,Cu,Py,Br,CH3,n1ccc(C)cc1,-15.98,2.6875,0.025,0.05056,-0.02097,0.01585,1.203,29,135.0,1.9,46.5,7.72638,35,115.0,2.96,21.0,11.81381,1.9248,3.7895,2.7134,<rdkit.Chem.rdchem.Mol object at 0x000001C8B4A15270>,6,6,1,1,0,0,14,7,0
Cu_45,Cu,Py,Br,OH,n1ccc(O)cc1,-16.92,2.7,0.02451,0.04843,-0.0204,0.01533,1.21,29,135.0,1.9,46.5,7.72638,35,115.0,2.96,21.0,11.81381,1.9255,3.7576,2.6968,<rdkit.Chem.rdchem.Mol object at 0x000001C8B4A152D0>,6,6,2,1,1,0,12,7,0
Cu_46,Cu,Py,Br,NH2,n1ccc(N)cc1,-15.47,2.7,0.02447,0.04842,-0.02038,0.01531,1.21,29,135.0,1.9,46.5,7.72638,35,115.0,2.96,21.0,11.81381,1.9234,3.7797,2.7092,<rdkit.Chem.rdchem.Mol object at 0x000001C8B4A15330>,6,6,2,2,0,0,13,7,0
Cu_47,Cu,Py,I,H,n1ccccc1,-16.11,2.6625,0.02613,0.05481,-0.02224,0.01696,1.192,29,135.0,1.9,46.5,7.72638,53,140.0,2.66,32.9,10.45126,1.939,3.0904,2.8993,<rdkit.Chem.rdchem.Mol object at 0x000001C8B4A15390>,6,6,1,1,0,0,11,6,0
Cu_48,Cu,Py,I,F,n1ccc(F)cc1,-16.98,2.6625,0.02617,0.05483,-0.02227,0.01698,1.193,29,135.0,1.9,46.5,7.72638,53,140.0,2.66,32.9,10.45126,1.9409,3.6937,2.6025,<rdkit.Chem.rdchem.Mol object at 0x000001C8B4A153F0>,6,6,2,1,0,1,11,7,0
Cu_49,Cu,Py,I,CF3,n1ccc(C(F)(F)F)cc1,-17.14,2.6625,0.0262,0.05481,-0.02227,0.01697,1.193,29,135.0,1.9,46.5,7.72638,53,140.0,2.66,32.9,10.45126,1.9397,5.1477,2.4736,<rdkit.Chem.rdchem.Mol object at 0x000001C8B4A15450>,6,6,4,1,0,3,14,10,0
Cu_50,Cu,Py,I,NO2,n1ccc([N+](=O)[O-])cc1,-17.28,2.6625,0.02622,0.05481,-0.02227,0.01697,1.193,29,135.0,1.9,46.5,7.72638,53,140.0,2.66,32.9,10.45126,1.9386,4.7453,2.8838,<rdkit.Chem.rdchem.Mol object at 0x000001C8B4A154B0>,6,6,4,2,2,0,13,9,0
Cu_51,Cu,Py,I,CH3,n1ccc(C)cc1,-15.9,2.6625,0.0261,0.05483,-0.02223,0.01696,1.192,29,135.0,1.9,46.5,7.72638,53,140.0,2.66,32.9,10.45126,1.9377,3.7392,2.9035,<rdkit.Chem.rdchem.Mol object at 0x000001C8B4A15510>,6,6,1,1,0,0,14,7,0
Cu_52,Cu,Py,I,OH,n1ccc(O)cc1,-16.9,2.6625,0.02611,0.05481,-0.02225,0.01696,1.192,29,135.0,1.9,46.5,7.72638,53,140.0,2.66,32.9,10.45126,1.9384,3.7155,2.8871,<rdkit.Chem.rdchem.Mol object at 0x000001C8B4A15570>,6,6,2,1,1,0,12,7,0
Cu_53,Cu,Py,I,NH2,n1ccc(N)cc1,-15.6,2.675,0.02552,0.05252,-0.02157,0.01637,1.198,29,135.0,1.9,46.5,7.72638,53,140.0,2.66,32.9,10.45126,1.9353,3.7315,2.9006,<rdkit.Chem.rdchem.Mol object at 0x000001C8B4A155D0>,6,6,2,2,0,0,13,7,0
Cu_54,Cu,Py,CN,H,n1ccccc1,-15.61,2.6875,0.02526,0.05273,-0.0212,0.01623,1.188,29,135.0,1.9,46.5,7.72638,6,70.0,2.55,11.3,11.260296,1.9235,2.3799,,<rdkit.Chem.rdchem.Mol object at 0x000001C8B4A15630>,6,6,1,1,0,0,11,6,0
Cu_55,Cu,Py,CN,F,n1ccc(F)cc1,-16.31,2.6875,0.02534,0.05295,-0.02129,0.01629,1.188,29,135.0,1.9,46.5,7.72638,6,70.0,2.55,11.3,11.260296,1.9243,3.0171,2.6006,<rdkit.Chem.rdchem.Mol object at 0x000001C8B4A15690>,6,6,2,1,0,1,11,7,0
Cu_56,Cu,Py,CN,CF3,n1ccc(C(F)(F)F)cc1,-16.64,2.6875,0.0254,0.05315,-0.02134,0.01634,1.187,29,135.0,1.9,46.5,7.72638,6,70.0,2.55,11.3,11.260296,1.9234,4.5669,2.4587,<rdkit.Chem.rdchem.Mol object at 0x000001C8B4A156F0>,6,6,4,1,0,3,14,10,0
Cu_57,Cu,Py,CN,NO2,n1ccc([N+](=O)[O-])cc1,-16.86,2.6875,0.02549,0.05348,-0.02143,0.01643,1.186,29,135.0,1.9,46.5,7.72638,6,70.0,2.55,11.3,11.260296,1.9224,4.1321,,<rdkit.Chem.rdchem.Mol object at 0x000001C8B4A15750>,6,6,4,2,2,0,13,9,0
Cu_58,Cu,Py,CN,CH3,n1ccc(C)cc1,-15.31,2.6875,0.02521,0.05257,-0.02115,0.01619,1.188,29,135.0,1.9,46.5,7.72638,6,70.0,2.55,11.3,11.260296,1.9225,3.057,,<rdkit.Chem.rdchem.Mol object at 0x000001C8B4A157B0>,6,6,1,1,0,0,14,7,0
Cu_59,Cu,Py,CN,OH,n1ccc(O)cc1,-16.33,2.6875,0.02521,0.05248,-0.02116,0.01618,1.189,29,135.0,1.9,46.5,7.72638,6,70.0,2.55,11.3,11.260296,1.9231,3.0301,,<rdkit.Chem.rdchem.Mol object at 0x000001C8B4A15810>,6,6,2,1,1,0,12,7,0
Cu_60,Cu,Py,CN,NH2,n1ccc(N)cc1,-14.93,2.6875,0.0251,0.05225,-0.02106,0.0161,1.189,29,135.0,1.9,46.5,7.72638,6,70.0,2.55,11.3,11.260296,1.9212,3.0438,,<rdkit.Chem.rdchem.Mol object at 0x000001C8B4A15870>,6,6,2,2,0,0,13,7,0
